id,name,department,birthday,admission
1,Smitty Louis,2,860913091000,1594430602000
2,Teddy Pardoe,2,865037596000,1603688292000
3,Elisabeth Amis,2,946674016000,1625847438000
4,Gabbie McEnery,2,1016020627000,1602081277000
5,Weidar Boyland,2,939105691000,1640235413000
6,Abby Jirek,2,912086323000,1655291003000
7,Junette Buffy,2,920186014000,1602406000000
8,Raddie Rowbotham,2,944247788000,1650671820000
9,Corella Sagg,2,883965934000,1556387131000
10,Bartram Benini,2,833232465000,1656143832000
11,Emory Ingry,2,918101771000,1603489561000
12,Christyna Swindon,2,688773783000,1581272977000
13,Marietta Judge,2,875282950000,1607841069000
14,Demott Langdridge,2,836080626000,1663031130000
15,Rowan Smurfitt,2,747116944000,1560261501000
16,Gan Clemon,2,1073569564000,1672276230000
17,Grete Gullick,2,978755002000,1670208016000
18,Inez Pauncefoot,2,1046542675000,1604163210000
19,Anne-corinne McKenna,2,917928657000,1604905850000
20,Cathie Slayton,2,753885678000,1644225066000
21,Tristam MacClure,2,656013773000,1642971624000
22,Lilia Ankers,2,893689160000,1592836084000
23,Angelita Sandaver,2,922550342000,1623432836000
24,Nolan Vondrasek,2,909494725000,1672684037000
25,Orazio Grzelewski,2,752256575000,1640947217000
26,Sutton Rabbitt,2,646542025000,1622018516000
27,Eulalie Kenny,2,810508656000,1594523218000
28,Sheppard Steade,2,792233721000,1675819688000
29,Travus Meddemmen,2,936183472000,1578948706000
30,Gerald Killwick,2,1045489900000,1618188407000
31,Terrel Soames,2,990829963000,1635781544000
32,Arny Symmers,2,883532320000,1672800984000
33,Brianne Pyett,2,892466886000,1632106348000
34,Claresta Ravenhill,2,918568174000,1620964394000
35,Darcey Danser,2,700473246000,1640451806000
36,Seline Rimington,2,702121639000,1638197268000
37,Corenda Teasdale-Markie,2,755220255000,1583578257000
38,Carola Bonds,2,1054839138000,1559020058000
39,Ronnica MacGiffin,2,706538017000,1600035682000
40,Ambros Whithorn,2,1003665820000,1560252638000
41,Sheela Aylin,2,1051055867000,1584985090000
42,Stephanus Noore,2,764716082000,1568347529000
43,Simone Russel,2,1031352405000,1569986745000
44,Elysia Speek,2,760810356000,1593504900000
45,Conrado Heckle,2,716373998000,1629178635000
46,Afton Feeney,2,810572110000,1605698321000
47,Edwina Eam,2,705899982000,1626071234000
48,Alysia Parkey,2,712059486000,1609064493000
49,Petr Urridge,2,937871203000,1664827541000
50,Lynelle Reast,2,711623876000,1569358345000
51,Karisa D'Alessio,2,1029194113000,1640178424000
52,Bernie Mecozzi,2,1057533101000,1641023415000
53,Audrey Scandrick,2,1073128268000,1611018682000
54,Adler Ioselev,2,1020364701000,1630309365000
55,Harley Ripsher,2,884492218000,1580806380000
56,Petey Tomblin,2,801570762000,1597904792000
57,Cart Lorenc,2,835713230000,1579326542000
58,Garner Beale,2,793743809000,1587156949000
59,Odell Toffanini,2,1037405549000,1660430970000
60,Maureen Lawless,2,1006050054000,1603996699000
61,Haskell Malzard,2,921801073000,1557655380000
62,Koressa Adamides,2,1022855370000,1637289880000
63,Anni Kilgrew,2,820288963000,1661785193000
64,Hansiain Nisbith,2,655737238000,1675821372000
65,Price Ilyas,2,649476821000,1560698098000
66,Jan Stave,2,805046866000,1669771171000
67,Shanan Quarmby,1,695187252000,1671374063000
68,Kattie Lawlee,1,743540285000,1609611937000
69,Audra Merrington,1,839438468000,1613544579000
70,Quintilla Rotherham,1,717430351000,1636838364000
71,Bondy Camel,1,938219959000,1672953114000
72,Tarah Bruford,1,679330751000,1584587903000
73,Emmott Sloan,1,706723545000,1595972082000
74,Ram Felmingham,1,882888580000,1568309054000
75,Hildegarde Petrovykh,1,799774692000,1668236074000
76,Kennedy Whitlow,1,864602981000,1622260148000
77,Hailee Garken,1,762233318000,1619939550000
78,Kandace Huglin,1,969938698000,1633267200000
79,Rolf Carver,1,794612743000,1568844261000
80,Zane Cowden,1,963509215000,1619927637000
81,Aile Swadden,1,871826780000,1587714432000
82,Lark Rookes,1,816066208000,1578319287000
83,Salomi Emanson,1,967242458000,1551360722000
84,Merci Adrien,1,801247153000,1575015806000
85,Juline Palia,1,851379842000,1631241789000
86,Sidney Troak,1,921479714000,1605836947000
87,Klarika Swannick,1,964662855000,1619150433000
88,Randell Hubbard,1,741851359000,1585917436000
89,Willamina Silcock,1,862432815000,1668434143000
90,Mariska Selvester,1,886350432000,1642838433000
91,Eddie Sellman,1,982583967000,1629067139000
92,Randall Ingamells,1,899536855000,1552726343000
93,Bernard Petett,1,980855607000,1602350125000
94,Ethelin Rawsen,1,883544187000,1591555466000
95,Brnaba Schust,1,700321810000,1646728433000
96,Kacy Toor,1,961779430000,1597668346000
97,Karlotta Maystone,1,697779884000,1672042431000
98,Mellie Androsik,1,677421482000,1601320105000
99,Reinwald Knights,1,760827328000,1658407196000
100,Dotty Dubarry,1,697192591000,1556340269000
101,Barnard Doy,1,728505875000,1597730510000
102,Tara Haddleston,1,952074162000,1665788401000
103,Ronica Benaine,1,927356374000,1662321782000
104,Bethany Fullard,1,885043350000,1566242247000
105,Calv Boud,1,935024199000,1661611826000
106,Lilian Challenger,1,996725436000,1673553581000
107,Sutherland Fleay,1,643329639000,1575525217000
108,Tiffi Critcher,1,1045061610000,1571498480000
109,Scarface Janas,1,851672280000,1604457863000
110,Oralie Easby,1,1018213513000,1589658202000
111,Arnuad Upcraft,1,844510155000,1639021565000
112,Jilly McAuslene,1,977640720000,1651953639000
113,Feliks Isgate,1,663969628000,1558172478000
114,Sallie Sotham,1,1063872375000,1573834361000
115,Kylie Portlock,1,850697653000,1636481886000
116,Quintus De Malchar,1,713279027000,1587082483000
117,Buddy Zuker,1,919355298000,1591361995000
118,Arlinda Armitage,1,687955709000,1610781324000
119,Dahlia Pretsel,1,1076910500000,1567126195000
120,Ula Lartice,1,980687150000,1641525629000
121,Ki Eddoes,3,799995931000,1616385350000
122,Carmina Hearnshaw,3,701676739000,1553383793000
123,Jareb Pye,3,874466237000,1668912461000
124,Kessia Lutwyche,3,972540173000,1624945726000
125,Georgianna Rubrow,3,937482594000,1561277832000
126,Eugenio Rosina,3,1077192208000,1667508781000
127,Gaylene Pesticcio,3,889758437000,1568090513000
128,Saxe McQuarter,3,720130401000,1566308019000
129,Galvin Pavlitschek,3,946690194000,1581562882000
130,Evelin Lowrey,3,905637530000,1593754046000
131,West Dunk,3,730144118000,1621450939000
132,Bobbi Heakey,3,813202420000,1580220128000
133,Peri Yanshin,3,722268356000,1595349706000
134,Harp Haslin,3,760186337000,1569535293000
135,Berthe McSharry,3,972282560000,1675919885000
136,Delmer Trewett,3,769506040000,1629539944000
137,Josey Leftridge,3,876569527000,1606979987000
138,Tabb Amott,3,759531172000,1589669157000
139,Benny Ivey,3,683109712000,1664638666000
140,Trisha Iskowitz,3,797941856000,1648283697000
141,Barney Butters,3,1023372002000,1652922839000
142,Mathilda Roddan,3,1054508440000,1564702281000
143,Molly Jados,3,773811987000,1671755501000
144,Payton Hartly,3,978828795000,1635873994000
145,Neilla Philippard,3,748686322000,1584230824000
146,Shena Bisley,3,937980717000,1588817151000
147,Celesta Caile,3,913605275000,1663120833000
148,Mavra Flieger,3,1000802437000,1623079633000
149,Chalmers Keeltagh,3,1040990614000,1584206707000
150,Helaine Lehmann,3,986119033000,1588393363000
151,Natale Kenningham,3,644350094000,1602747072000
152,Lisa Rought,3,664367569000,1670799037000
153,Amye Robken,3,923093689000,1568273956000
154,Sheff Reaman,3,662583901000,1584906229000
155,Minni Askey,3,887097848000,1632960632000
156,Angelina Rizziello,3,825224160000,1619056157000
157,Delcine Van Daalen,3,1052025985000,1659562270000
158,Eartha Volk,3,711130803000,1674115453000
159,Abbie Hodgins,3,974450652000,1644304597000
160,Cesaro Lindenstrauss,3,680633778000,1590154489000
161,Dyna Puxley,3,884878792000,1605132776000
162,Yale Mazzilli,3,765131940000,1577113405000
163,Christel Wyd,3,718731578000,1593804178000
164,Cinnamon Dawbury,3,828643914000,1568082970000
165,Rorke Siddeley,3,857692081000,1553888017000
166,Walden McMorran,3,997172874000,1668924773000
167,Ophelie Iohananof,3,701357689000,1568778186000
168,Romola Heminsley,3,1018782547000,1558995823000
169,Lothaire Conley,3,799809867000,1582649230000
170,Ariana Canet,3,671928851000,1654673102000
171,Amalia Giraudel,3,901996888000,1596059341000
172,Desmund Barkly,3,715535963000,1671282398000
173,Gates Brothwell,3,1019707118000,1605194614000
174,Melanie Stepto,3,670616042000,1655859414000
175,Stefanie Shiers,3,739980636000,1639678859000
176,Spencer Slocom,3,977594589000,1612456574000
177,Sydney Eaden,3,918385848000,1673904797000
178,Gib Middleweek,3,714460689000,1555057767000
179,Gerianna Chatten,3,941071896000,1660655750000
180,Rochette Raynor,3,841620846000,1600484758000
181,Honey Gibbetts,3,687175734000,1594838392000
182,Reiko Ecob,3,934247053000,1670036542000
183,Gusty Brumby,3,721036856000,1556387758000
184,Jasen Sayton,3,773582604000,1556388137000
185,Winne Coopper,3,825055984000,1675730830000
186,Cullin Basini-Gazzi,3,694632975000,1608958906000
187,Robinet Shorto,3,674646934000,1621108293000
188,Blair Kettle,3,722579818000,1628939628000
189,Harlie Grotty,3,727723082000,1574382214000
190,Ferguson Whysall,3,1053449522000,1650917125000
191,Cordy Hazelgrove,3,791664400000,1634415343000
192,Gabie Stather,3,645481845000,1574126621000
193,Emalia Marriage,3,896745498000,1552051569000
194,Spike Watkinson,3,641358701000,1604480791000
195,Cinnamon Pomfret,3,1062946489000,1658921497000
196,Erhart Zimek,3,995618729000,1603200409000
197,Jennica Isack,3,883065410000,1671264656000
198,Paul Heinecke,3,698244395000,1593040672000
199,Amos Franseco,3,724146085000,1570836932000
200,Marylin Castrillo,3,748295746000,1624851044000
201,Milena Hulburt,3,803744036000,1579022452000
202,Kym Moloney,3,1027464412000,1665690911000
203,Shelby Crennan,3,995926845000,1592575368000
204,Doria Broadhurst,3,915085289000,1555909631000
205,Courtney Kevern,3,1056038148000,1631843170000
206,Eloisa Olivia,3,1061169910000,1652994432000
207,Cahra Mariet,3,1066980256000,1580122684000
208,Isidro Blackaller,3,962574056000,1657912073000
209,Dex Akerman,3,1009107211000,1638972879000
210,Juli Fleay,3,800163543000,1595242096000
211,Dotti Attwoul,3,914203120000,1645874292000
212,Carolyn McAster,3,868770043000,1575153344000
213,Rhett Radmore,3,947367072000,1656573156000
214,Michel Binnion,3,691719070000,1643477507000
215,Dona Balderson,3,1019223552000,1571351485000
216,Adrian Hinkins,3,711082898000,1666961783000
217,Sybilla Simkovich,3,679165146000,1657174431000
218,Immanuel Enever,3,865796750000,1634676448000
219,Cathryn Wort,3,1040452368000,1606594471000
220,Katuscha Thewles,3,664169479000,1662059094000
221,Auguste Agirre,3,716983246000,1578718658000
222,Branden Wildbore,3,760649645000,1670437558000
223,Any Ubach,3,664471360000,1568045259000
224,Maudie Donson,3,668163935000,1672012540000
225,Delly Poor,3,821018998000,1615871151000
226,Mag Sorey,3,982154131000,1572992765000
227,Ferdinand Bartali,3,744577330000,1646481626000
228,Nara Walkinshaw,3,825120701000,1571954886000
229,Tawnya Chumley,3,894521771000,1574694515000
230,Isabelle Disman,3,869817371000,1653318713000
231,Siana Gladbach,3,861137337000,1623321575000
232,Cordie Strawbridge,3,1003061683000,1629256219000
233,Francene Waldren,3,830527343000,1590136669000
234,Kevon Cristofano,3,776492203000,1667702127000
235,Rakel Figure,3,913839390000,1662025525000
236,Vitoria Cuphus,3,952909606000,1579970823000
237,Fernande Chanders,3,671245715000,1572036014000
238,Emmye Hazleton,3,675398415000,1619660197000
239,Nero Corker,3,732940495000,1638326672000
240,Urbanus Nelson,3,843165915000,1641863980000
241,Berna Leonardi,3,1058842015000,1638481278000
242,Hynda Crosher,3,727462210000,1589823307000
243,Fredra Landells,3,972262369000,1567074217000
244,Marcela Hitzschke,3,937980920000,1650791308000
245,Simmonds Simester,3,780223292000,1676287435000
246,Deidre Simionescu,3,733075384000,1626147700000
247,Raynard Maywood,3,1001937833000,1667442976000
248,Carlynne Perassi,3,890631720000,1580885984000
249,Bonita Brunger,3,973125886000,1606505898000
250,Sophi Larham,3,984823810000,1648407046000
251,Gustaf Greyes,3,913801265000,1609031811000
252,Vale Westwood,3,998528695000,1586362884000
253,Lovell Briatt,3,968045500000,1560278845000
254,Violante Ranklin,3,913991566000,1552526765000
255,Broddy Pendre,3,888281775000,1665193965000
256,Cal Trulock,3,852346956000,1654344190000
257,Anstice Bridgwood,3,1046738910000,1592045471000
258,Granger Goodie,3,648915167000,1625338264000
259,Willow McClements,3,966815719000,1615096540000
260,Gray Gomery,3,1056029266000,1573548269000
261,Obed Symmons,3,870460763000,1669934041000
262,Bradford Benzies,3,704519186000,1649520134000
263,Tanitansy Leckey,3,787246672000,1581947421000
264,Zabrina Spikings,3,681883162000,1651836744000
265,Nancee Posthill,3,815780224000,1610715581000
266,Nana MacVean,3,862634120000,1573420387000
267,Pepi Bernth,3,827748712000,1631307127000
268,Orsa Nyssens,3,1028226574000,1671978843000
269,Bridie Kleinplac,3,649413519000,1618105365000
270,Van Marrett,3,1071330088000,1641675744000
271,Earvin Livermore,3,884470633000,1642784483000
272,Brynn Farley,3,651084746000,1646400615000
273,Mamie Maciunas,3,1047720116000,1590642212000
274,Franky Siely,3,919964895000,1634559854000
275,Tricia Gallo,3,995275870000,1661071097000
276,Lowe Haselden,3,855276394000,1571694261000
277,Francisca Lydden,3,797289455000,1656621521000
278,Gustav Ribou,3,751143458000,1646011963000
279,Nananne Robertot,3,802763011000,1676926735000
280,Blithe Fawltey,3,958503783000,1564311100000
281,Alfred Wattam,3,859631863000,1582169143000
282,Ann Krimmer,3,867854833000,1578378205000
283,Zoe Flewin,3,702482321000,1556061839000
284,Madelene Fagence,3,897185074000,1560129665000
285,Beulah Bow,3,1043226128000,1632229369000
286,Eva Ridulfo,3,850479217000,1581936508000
287,Peadar Polini,3,943279368000,1560742558000
288,Babara Folk,3,736671125000,1564550174000
289,Traci Philipsen,3,933117104000,1580520095000
290,Alric Heintze,3,827853430000,1665378510000
291,Celene Cardoe,3,673665816000,1667225675000
292,Danielle Nisard,3,820563425000,1653735165000
293,Benji Mather,3,824429567000,1665237380000
294,Sylas Burgiss,3,669548830000,1667953642000
295,Lennie Guerreau,3,922397239000,1553229323000
296,Paule Doddrell,3,859723379000,1631861609000
297,Kat Manolov,3,1014400678000,1650978896000
298,Rosalyn Tilbrook,3,649978922000,1593715563000
299,Gaultiero Malkin,3,718410870000,1563417245000
300,Jan Sallenger,3,942616641000,1608304284000
301,Kippar Baudinot,3,812681049000,1562525468000
302,Stacee Draye,3,658076290000,1670410642000
303,Cecil Finessy,3,980239165000,1662272269000
304,Ellsworth Coverley,3,805383612000,1604850770000
305,Orrin Shellum,3,928766357000,1627404569000
306,Kristos Cooney,3,897819025000,1603737419000
307,Ely Fernie,3,855701282000,1572816797000
308,Randie Wintle,3,732244888000,1556719457000
309,Albert McCafferky,3,1076265370000,1663109154000
310,Alena Petrusch,3,698604844000,1671190709000
311,Roldan Artharg,3,780701540000,1630234531000
312,Maximilianus Sewley,3,783440387000,1604576233000
313,Muhammad Posen,3,1016637862000,1585691766000
314,Lion Ranscome,3,1069303404000,1646829053000
315,Juditha Lympenie,3,928885236000,1648922013000
316,Druci Paal,3,967580346000,1663315006000
317,Hanni Margach,3,1002440062000,1600196405000
318,Eunice Girdwood,3,764131230000,1574021037000
319,Xena Millin,3,889164122000,1608009733000
320,Hiram Gregorio,3,933116857000,1633661277000
321,Milton Hailwood,3,636472269000,1556257640000
322,Hermine Enbury,3,837901240000,1610677980000
323,Brittan Anglin,3,672390919000,1649146943000
324,Scotty Zum Felde,1,651261983000,1556038137000
325,Giffy Lohmeyer,1,1007274169000,1570467622000
326,Elsinore Husselbee,1,956943340000,1640620973000
327,Tiphani Mattussevich,1,1010516707000,1635335691000
328,Olin Posen,1,987540293000,1568634837000
329,Kayla Yoxen,1,1007223649000,1611290113000
330,Melita Hackleton,1,915757284000,1583628333000
331,Buffy Steere,1,963350303000,1672677607000
332,Shell Crenage,1,950995371000,1575153710000
333,Arther Westcott,1,768772247000,1639728226000
334,Kearney Tipper,1,800467028000,1610900343000
335,Ladonna Lathan,1,872048539000,1633903584000
336,Allyn McGinny,1,696022511000,1560786217000
337,Marlin Lewsy,1,820775089000,1575068250000
338,Peggie Floch,1,736058615000,1615796647000
339,Darsie Eustis,1,861945616000,1561882740000
340,Worth Dumelow,1,682910274000,1578233311000
341,Mikey Shadrach,1,643637688000,1610857789000
342,Fairlie Goeff,1,1033964893000,1584698608000
343,Teresita Petroselli,1,676674308000,1676493910000
344,Nobie Budding,1,1066343954000,1586529745000
345,Wandie Muston,1,1038833022000,1634165031000
346,Shep Van Niekerk,1,901888641000,1568044856000
347,Ruprecht Ventham,1,911391060000,1614059365000
348,Regan Elderton,1,662625853000,1574900267000
349,Cindie Peat,1,880529004000,1665582493000
350,Care McNiven,1,819061072000,1636909487000
351,Kayla Stonhewer,1,773637164000,1632859267000
352,Ronald Bottom,1,1013945227000,1643707836000
353,Brena Bambery,1,733361602000,1629552003000
354,Kitti Coates,1,722381417000,1675288959000
355,Lammond Beller,1,661532778000,1569429955000
356,Kipp Bunning,1,708475151000,1575754158000
357,Remy Paynter,1,721865290000,1604433219000
358,Shelley Rilton,1,809111126000,1604590675000
359,Maudie Baudts,1,695594011000,1589311099000
360,Marcelle O'Lennachain,1,842482618000,1643507911000
361,Ivor Batterbee,1,954831040000,1579419460000
362,Susan Middas,4,1019183106000,1566522222000
363,Julianne Kemer,4,924232771000,1637330000000
364,Titos Blose,4,720581106000,1641119816000
365,Elbert Baldin,4,799719506000,1557228087000
366,Minetta Camelia,4,806118272000,1608554574000
367,Yetta Matches,4,1058322485000,1658229200000
368,Carri Gardiner,4,996316976000,1653227998000
369,Glenden McLurg,4,908655448000,1592202603000
370,Rasia Honeywood,4,789234004000,1556199273000
371,Winne Fanti,4,699051429000,1664975931000
372,Trev Weerdenburg,4,781628545000,1574894425000
373,Tom Rewbottom,4,777968087000,1635377753000
374,Loria Gilfoy,4,892462389000,1671399094000
375,Zenia Tilbey,4,895907875000,1663538168000
376,Marje Avrahamof,4,881194668000,1659366746000
377,Torrance Martello,4,638651386000,1599602889000
378,Josi Ghilardi,4,937169648000,1672564608000
379,Dallis Ricold,4,972230252000,1573883652000
380,Giacinta Matresse,4,938176746000,1588093113000
381,Marcelline Duiged,4,682102250000,1603525520000
382,Phil Ferrarese,4,933125009000,1559613174000
383,Liana Yesinin,4,705171307000,1590602353000
384,Colman Hancell,4,898903986000,1555752732000
385,Puff Cahalan,4,653141350000,1587796638000
386,Bay Turbill,4,1021844921000,1553974108000
387,Torr Francais,4,737456175000,1557102978000
388,Myrtle Teese,4,986601326000,1552264147000
389,Shaw Allchorne,4,1013711406000,1636431563000
390,Sile Merle,4,749192441000,1556077954000
391,Celinka Gebhard,4,694622774000,1581170476000
392,Findley Benyan,4,843234737000,1584059864000
393,Miner Riddeough,4,743368420000,1583786986000
394,Skipper Fairlaw,4,705791045000,1555318209000
395,Valentine Phil,4,707452321000,1638684145000
396,Noah Costigan,4,910325467000,1553386649000
397,Iosep Kinch,4,833879571000,1565782607000
398,Grissel Geddis,4,974209126000,1668566569000
399,Rosana Krienke,4,768885523000,1593315480000
400,Mordecai Pieper,4,809595713000,1609695692000
401,Rosina Ronayne,4,768854237000,1601764561000
402,Phillipe Grise,4,849308052000,1608251710000
403,Felicity Scrowby,4,810180067000,1569793189000
404,Merry Caines,4,1067192494000,1580460406000
405,Katee Lucus,4,972022583000,1592843880000
406,Itch Danilevich,4,713358527000,1567240514000
407,Bobbie Nolot,4,790400542000,1587902208000
408,Ariela McKee,4,643756599000,1643327427000
409,Felipe Eykelhof,4,930143654000,1625989079000
410,Ignacio Pond,4,911517394000,1658726454000
411,Flora Emanueli,4,828163817000,1604554876000
412,Lorne Blaes,4,638302286000,1601475683000
413,Ainslie Hadye,4,700142401000,1583755892000
414,Noah Ohrtmann,4,995362947000,1642837831000
415,Libbi Siveter,4,896645902000,1560853265000
416,Peter Klossek,4,1014301426000,1604809603000
417,Danielle Aspinall,4,838978279000,1645568121000
418,Tess Briston,4,1068580414000,1581795959000
419,Ofelia Cahill,4,758268382000,1588802053000
420,Amandy Muslim,4,724843792000,1658886945000
421,Glennis Nardrup,4,714126048000,1622641236000
422,Shelton Shillaber,4,653458623000,1671432717000
423,Maren McKeown,4,940515039000,1607317489000
424,Alia Gueinn,4,712808803000,1582275901000
425,Florella Peinton,4,834295761000,1664832247000
426,Doe Addington,4,650081354000,1623669566000
427,Zia Secombe,4,735703538000,1625084559000
428,Marnie Cubberley,4,644753816000,1557901039000
429,Hobart Potteridge,4,669130253000,1621017651000
430,Bette-ann Absalom,4,756249315000,1666864725000
431,Dennis Bilverstone,4,963800451000,1663948780000
432,Annabela Yeoland,4,899456911000,1626188123000
433,Marcella Jozwiak,4,1059249196000,1563132676000
434,Terencio Ganford,4,735523104000,1664566968000
435,Constantia D'Adamo,4,716105505000,1574917882000
436,Valdemar Greswell,4,662201533000,1647208587000
437,Faustine Fatharly,4,1054387859000,1625233736000
438,Jilleen Terrington,4,652444039000,1632587537000
439,Manda Spieght,4,732918430000,1589689812000
440,Delmar Welldrake,4,677023725000,1645931364000
441,Linc Iacobo,4,1043445177000,1668557447000
442,Ellyn Abrehart,4,898713393000,1563801701000
443,Annabella Gligori,4,927173598000,1664972022000
444,Mathias Lamasna,4,980606283000,1586671248000
445,Audry Prujean,4,1053467934000,1644860377000
446,Tymon Cauldwell,4,687269352000,1616720402000
447,Genvieve Grivori,4,644897604000,1620676164000
448,Jesse Ruslen,4,776792953000,1607880414000
449,Bruce Godsil,4,902070168000,1575532491000
450,Berry Ramsdale,4,838296365000,1664707194000
451,Efrem Legister,4,824121494000,1564376954000
452,Helaine Pedrol,4,769709644000,1585650072000
453,Layton O'Shaughnessy,4,658021749000,1581985093000
454,Milzie Castilljo,4,700483308000,1593934449000
455,Willis Handscomb,4,847121353000,1599060613000
456,Cortie Grennan,4,1021668027000,1661105924000
457,Sidonnie Fahrenbach,4,1015236287000,1630347675000
458,Candice Georg,4,685204298000,1664425821000
459,Leon Wyldbore,4,949435646000,1676203462000
460,Dot Wintour,4,668885291000,1561458766000
461,Christiane De Morena,4,856555916000,1578541929000
462,Lolly Reinert,4,746340953000,1574629899000
463,Janelle Faich,4,995623526000,1589628789000
464,Dani Ranscombe,4,667218380000,1665419772000
465,Cristine Cogle,4,1042096634000,1598069004000
466,Cammy Decayette,4,997087481000,1601205495000
467,Elwood Jebb,4,828780595000,1570972602000
468,Dori Harrington,4,767098640000,1583470417000
469,Tannie Schroder,4,683414998000,1589527731000
470,Jenna Brende,4,868503522000,1671651949000
471,Myrvyn Laurens,4,887247373000,1675723082000
472,Beitris Clist,4,970898876000,1558897292000
473,Jourdain Friedank,4,636925308000,1673404072000
474,Arlen Crotch,4,719466773000,1613271158000
475,Willie Osban,4,692384212000,1622470411000
476,Dena Duns,4,987958938000,1606446442000
477,Nollie Stollmeier,4,635998044000,1567936875000
478,Sisely Stranahan,4,693258706000,1564265984000
479,Burt Kavanagh,4,898360902000,1672125950000
480,Celia Curzey,4,952391916000,1589665982000
481,Irwin Duckitt,4,923066129000,1625947256000
482,Frank Masson,4,783324743000,1571201221000
483,Cahra Sprigings,4,810643837000,1620926608000
484,Hildegaard Lanfare,4,711444546000,1618219432000
485,Parrnell Lasham,4,730031557000,1604121388000
486,Jessie Degoe,4,774922519000,1560319239000
487,Ibbie Mouncey,4,644830759000,1577850211000
488,Alvy Bettenay,4,929587347000,1579698045000
489,Brian Eiler,4,969987996000,1590548673000
490,Gale Dibley,4,857844228000,1578544663000
491,Townsend Storer,4,764238174000,1555686701000
492,Astrid Moxham,4,1052899998000,1656192937000
493,Josee Smyth,4,991108665000,1579731752000
494,Deerdre Manjot,4,777222701000,1611998761000
495,Raynell Truce,4,1060209793000,1551465935000
496,Robbie Kenway,4,919988181000,1599456980000
497,Antonio Fotherby,4,1072670109000,1662049427000
498,Aleksandr Lloyds,4,1040874928000,1653812208000
499,Rodi Ventam,4,1077576914000,1657687041000
500,Tommie Campion,4,851732345000,1634494435000
501,Paxton Ornelas,4,1014164858000,1574320936000
502,Milli Rhymes,4,819685509000,1605414655000
503,Barbi Wilden,4,685296779000,1618574956000
504,Clarine Snawdon,4,685898252000,1657801246000
505,Jock Temperley,4,931957084000,1570284226000
506,Nickolai Richten,4,835659432000,1590246249000
507,Jean Simchenko,4,859090760000,1622664181000
508,Enriqueta Gilbart,4,914986457000,1577311053000
509,Shurwood Brightie,4,860696229000,1649711390000
510,Meg Wolfe,4,936033715000,1649743295000
511,Fabiano Rose,4,683705168000,1579133903000
512,Mickie Scadden,4,1011043781000,1557763289000
513,Diahann O'Duggan,4,802944799000,1668256746000
514,Marcille McLorinan,4,674668630000,1663996558000
515,Dorise Timlin,4,731708477000,1599611681000
516,Jilly Grady,4,748601368000,1666227015000
517,Christi Crowche,4,1024940553000,1612196427000
518,Ellie Fullwood,4,764480822000,1565151604000
519,Cayla Gammack,4,875527571000,1661857695000
520,Matthew Ridsdale,4,787708856000,1622962263000
521,Vitoria Arnauduc,4,963527410000,1591372293000
522,Paddy Greenlees,4,645993481000,1593738661000
523,Karlen Boame,4,893342516000,1601828342000
524,Allianora Maps,4,740466553000,1603109713000
525,Dena Storey,4,718933859000,1573158260000
526,Sherrie Arendsen,4,1043067014000,1561653860000
527,Ram Guntrip,4,743530830000,1593896105000
528,Drusilla Riggott,4,1022376275000,1583575615000
529,Richmound Toolin,4,892696849000,1554798203000
530,Starlin Stockings,4,711324589000,1563657931000
531,Gage Stops,4,747229690000,1583386628000
532,Susannah Algore,4,1034044311000,1602741532000
533,Clim Daft,4,659765714000,1564406040000
534,Carver Finley,4,879683579000,1631337090000
535,Tito Stelfax,4,962748904000,1625224646000
536,Winston Milligan,4,857735051000,1558482874000
537,April Heggadon,4,975959241000,1605608984000
538,Charlean Pordal,4,960995770000,1623898313000
539,Anatola Doumenc,4,876539319000,1575057846000
540,Sofie Matyukon,4,993790392000,1660827410000
541,Misti Breslau,4,706401194000,1556757840000
542,Zarla Fishe,4,1073107941000,1585269781000
543,Currie Godbert,4,836510587000,1582174488000
544,Barbi Pincked,4,799114936000,1590224712000
545,Ellswerth Donohue,4,828129722000,1604067096000
546,Thayne Worling,0,680879774000,1614782124000
547,Isidro Wands,0,695784599000,1639703006000
548,Chevy Pettie,0,837083672000,1656107084000
549,Stacey Rediers,0,979003704000,1656503875000
550,Reynold Laval,0,1043114888000,1667276463000
551,Gabbi Darrell,0,891059554000,1587817488000
552,Neala Stubbin,0,657935798000,1617827629000
553,Anthe Dilawey,0,654539932000,1576828524000
554,Lucila Surmeir,0,870830728000,1602530092000
555,Allsun Faull,0,814890467000,1627357713000
556,Ade Sire,0,869864483000,1592167152000
557,Ricardo Lamacraft,0,636298402000,1639913424000
558,Rosina Courtliff,0,1015177680000,1576335621000
559,Paten Jollie,0,1008054998000,1572099650000
560,Carrissa Pyzer,0,993341099000,1563038681000
561,Iver Villa,0,997311366000,1561953852000
562,Alvira Djekic,0,641624890000,1641477724000
563,Desiri Bateman,0,1054276468000,1602046688000
564,Bamby Koppelmann,0,891956048000,1586849207000
565,Trip Ruzic,0,719064960000,1565677416000
566,Hodge Toffolini,0,1013886885000,1559456580000
567,Amelita Fawkes,0,967477314000,1622780393000
568,Corrina Maffini,0,704479740000,1592028583000
569,Richmond Visick,0,941474846000,1669174817000
570,Twyla Fitzpayn,0,931846838000,1671059222000
571,Amandi Shelley,0,650387260000,1582548106000
572,Torre Beves,0,1020091236000,1609713437000
573,Rici Lemmens,0,981696180000,1560706066000
574,Mirilla Shevelin,0,707877324000,1605580501000
575,Blake Rosenstein,0,789050329000,1608408768000
576,Candie Van Driel,0,962572562000,1645869140000
577,Blakelee Wattins,0,840421499000,1594503056000
578,Libbi Caitlin,0,876407723000,1648288523000
579,Ignazio Blacksland,0,806800908000,1594758529000
580,Cloris McRonald,0,737052704000,1578447500000
581,Caspar Gane,0,844597391000,1636626639000
582,Michelle Moulton,0,933131045000,1659508704000
583,Orelle Ismead,0,955074117000,1636593578000
584,Whitby Blumire,0,831451397000,1635013518000
585,Abagail Burbage,0,1051285043000,1560601954000
586,Angel Blaver,0,710993794000,1612412924000
587,Jenine Semark,0,930713194000,1672592302000
588,Mildred Markwick,0,805274323000,1650854896000
589,Pamela Bubbear,0,707092072000,1551997072000
590,Clea Ainsworth,0,1035547076000,1616531715000
591,Carmine Sneezem,0,1069931368000,1591171930000
592,Amandie Le Teve,0,1034902159000,1664454636000
593,Terrel Gethyn,0,870089013000,1552002824000
594,Oswald Sieghard,0,641066170000,1579443668000
595,Merry Sidnell,0,782851407000,1614610701000
596,Kris Badder,0,856057900000,1609289809000
597,Chuck Andrioletti,0,847539233000,1632329404000
598,Yance Stallworthy,0,1034769033000,1662640803000
599,Tod Kunkler,0,1012451215000,1647787817000
600,Hubert Ellaway,0,872760872000,1624039447000
601,Shannon Dovidian,0,795202585000,1660833918000
602,Lammond Haggerwood,0,978478865000,1619294306000
603,Ax Laughlan,0,673418439000,1568334550000
604,Edd Pote,0,745696422000,1584201020000
605,Fern Dranfield,0,840436235000,1639231369000
606,Glad Padrick,0,879603189000,1619149344000
607,Eal Catterson,0,969679884000,1669673091000
608,Emmalynn Kleinstein,0,1067596729000,1647912744000
609,Garth Schust,0,876510856000,1653688727000
610,Salvatore Christofides,0,998496466000,1625673910000
611,Del Dossetter,0,671333245000,1569582381000
612,Leonore Karpychev,0,722226937000,1651452620000
613,Bennie Breese,0,945257909000,1623147252000
614,Martyn McLeese,0,674558106000,1656134683000
615,Wilek Harbottle,0,1039501570000,1659678621000
616,Myriam Libbis,0,671619013000,1675368449000
617,Sholom Leeder,0,1004755822000,1583989850000
618,Valencia Witheford,0,1063865173000,1566217924000
619,Orsola Gollop,0,901462047000,1654257151000
620,Cherise Rubinsztein,0,995274652000,1607914607000
621,Staffard Tuppeny,0,654123971000,1630746870000
622,Susanetta Bissiker,0,649395100000,1676906434000
623,Arlana Dumpleton,0,1054739230000,1567887944000
624,Lainey Scutter,0,894248613000,1639537234000
625,Nelle Maciak,0,952918061000,1664516617000
626,Carlotta Willmore,0,962193210000,1557062894000
627,Raquel Ranyell,0,1029079569000,1568101664000
628,Juanita Euesden,0,996231124000,1567260140000
629,Katerine Mellmer,0,745540716000,1671459509000
630,Christie Cowden,0,911422690000,1554966253000
631,Thaine Palliser,0,759471079000,1640433900000
632,Eveline Tillyer,0,734058004000,1576461573000
633,Johnathon Patchett,0,814912973000,1556200364000
634,Morissa Houlridge,0,927841189000,1577203433000
635,Yank Guerola,0,701680602000,1663812307000
636,Baudoin Pedroli,0,735740279000,1598137403000
637,Benedikt Chamney,0,886259292000,1572820177000
638,Caryl Creane,0,899233517000,1666997861000
639,Kattie Backman,0,705582128000,1554099053000
640,Sidonia Tomkies,0,639248519000,1657628334000
641,Regan Barrabeale,0,965472777000,1561672463000
642,Ellis Kryszkiecicz,0,856709993000,1595592579000
643,Kitti Tresvina,0,857181640000,1662626294000
644,Ynez Notton,0,831282290000,1563439182000
645,Tallia Wakeman,0,771952561000,1619012373000
646,Jillane Osgood,0,638002919000,1574937386000
647,Elly Pawlick,0,776825264000,1634255792000
648,Con Clementel,0,680203054000,1628726345000
649,Gery Stoakes,0,1067181843000,1626107968000
650,Ginny Tritten,0,1028280058000,1574346486000
651,Tulley Tewkesbury,0,899580253000,1651036424000
652,Ben Gabe,0,680036812000,1569306287000
653,Channa Vanes,0,895450289000,1615009184000
654,Hali Keyzor,0,900770919000,1627697046000
655,Chaunce Dies,0,967536516000,1619650131000
656,Lorelei Konneke,0,944956166000,1559086695000
657,Elisabet Sponder,0,664485761000,1637565109000
658,Kai Stygall,0,985793805000,1567223820000
659,Abel Marler,0,754683093000,1614049794000
660,Alfonse Izak,0,945902895000,1666628393000
661,Zora Bounde,0,1005191540000,1594017357000
662,Salome Gaish,0,706948933000,1641889774000
663,Scarface Lenox,0,738055830000,1615053785000
664,Prissie Gauler,0,722771025000,1593854822000
665,Rurik Bullard,0,861491861000,1663847123000
666,Homer Combes,0,952827568000,1578231777000
667,Nev Sandy,0,688539691000,1605906978000
668,Gaby Bidnall,0,925166697000,1607778118000
669,Ambrose Kiddell,0,1064168534000,1644904927000
670,Mortimer McPhilemy,0,734814522000,1559800275000
671,Buck Cotherill,0,837354377000,1636178256000
672,Reine Hintze,0,924324259000,1601378541000
673,Gil Petrasch,0,888549653000,1647159569000
674,Tab Pawlicki,0,864283684000,1580023916000
675,Mirabel Bollam,0,842120980000,1623948567000
676,Tawnya Croom,0,644483074000,1645517793000
677,Temp Hoggin,0,757131232000,1659042844000
678,Gussie Andrat,0,965662564000,1564261917000
679,Madlen Steel,0,662206442000,1579922163000
680,Alysa Lillicrop,0,803997103000,1608588166000
681,Darcee Meletti,0,673633811000,1586209385000
682,Brande Capnerhurst,0,722676681000,1559113575000
683,Gina Shew,0,1061236433000,1552840973000
684,Tad Tilson,0,725588379000,1605465342000
685,Lorettalorna Aldrin,0,1002772895000,1559826022000
686,Dianemarie Hellen,0,999243344000,1622769168000
687,La verne Sporrij,0,907981921000,1593036959000
688,Milty Burgan,0,1047190683000,1667924342000
689,Miquela Zylbermann,0,1065347633000,1616865939000
690,Wren Newbigging,0,707910424000,1551456116000
691,Gusta Rowston,0,979523848000,1573969526000
692,Emelda Lowmass,0,1071717089000,1616427647000
693,Blondie Girkin,0,1007134308000,1575869993000
694,Bevon McGahern,0,703199386000,1627462163000
695,Tadeas Smithson,0,852050049000,1575725712000
696,Jemie Dalyell,0,857638288000,1562579263000
697,Vanny Borit,0,859439746000,1618458700000
698,Barrie Raff,0,715951628000,1600688466000
699,Meade Klampk,0,1000105200000,1599866956000
700,Terrie Garard,0,879794735000,1553913164000
701,Clare Trodden,0,719170073000,1614740606000
702,Ade Copestick,0,920262545000,1667246192000
703,Sigfrid Wilmott,0,798301079000,1668400685000
704,Alix Jaime,0,683240217000,1587535685000
705,Lolita Woodhams,0,1023186229000,1667056160000
706,Hinze Whitely,0,868904141000,1590186895000
707,Kiley Couroy,0,885588562000,1664578548000
708,Aura Refford,0,667721776000,1634170106000
709,Dorrie Lemonnier,0,708240987000,1553794606000
710,Cyndy Traill,0,859913801000,1640615872000
711,Jess Berkley,0,744040331000,1584002769000
712,Jessy Christol,0,930162732000,1662806623000
713,Georgie Hartridge,0,751926969000,1586782843000
714,Pepita O'Day,0,672942727000,1573936949000
715,Dorian Finan,0,994914578000,1638686764000
716,Laurent Dallaghan,0,781752276000,1627781635000
717,Biddie Brigg,0,891505345000,1661801812000
718,Harwell Rodway,0,648762907000,1645051437000
719,Marietta Talton,0,684554371000,1654093454000
720,Becka Philcox,0,762545236000,1614753981000
721,Corrina Gregr,0,912126271000,1614906989000
722,Cedric Liddiard,0,728937355000,1557115662000
723,Gwen Larchiere,0,1040609961000,1646491986000
724,Nealson Hoodspeth,0,642379187000,1580583875000
725,Megen Morkham,0,890859269000,1636829712000
726,Traci Jellings,0,1027848408000,1661982737000
727,Happy Ardley,0,679466859000,1633833278000
728,Trixy Chadwyck,0,1066657749000,1591422481000
729,Vidovic Floyde,0,929780035000,1616025608000
730,Kriste McQuilty,0,1019065780000,1613299136000
731,Ayn Beelby,0,929180743000,1655075390000
732,Kary Dranfield,0,875011759000,1620471409000
733,Isa MacNeill,0,707831159000,1613956212000
734,Marlo Pannett,0,975716356000,1609110950000
735,Billie Laugier,0,1023269647000,1670469583000
736,Tomlin Thumim,0,737708600000,1665062870000
737,Matti Sowrah,0,978327690000,1638927339000
738,Alexina Basden,0,742425154000,1560475328000
739,Sal Guion,0,717762106000,1562216131000
740,Isabel Antyukhin,0,915701071000,1583886395000
741,Ludovico Yaxley,0,922221619000,1588051485000
742,Zahara Corbett,0,700108116000,1571816446000
743,Ward De Metz,0,699438776000,1624668878000
744,Melessa Blampied,0,782542713000,1587130676000
745,Benny Paiton,0,901290773000,1567697514000
746,Alvinia Meiningen,0,926942118000,1660781003000
747,Crista Aujouanet,0,928415699000,1586761237000
748,Bethina Dacke,0,651424655000,1665219444000
749,Gray Sangar,0,918767824000,1589562790000
750,Catina Rupp,0,715417236000,1563975689000
751,Dunstan Rotherforth,0,683871074000,1638569470000
752,Aubrey Potticary,0,930919527000,1644205705000
753,Janessa Nunan,0,806289122000,1608196417000
754,Linn Weatherill,0,777351174000,1583807962000
755,Kristina Skittrell,0,714545777000,1592934601000
756,Jarid Fernyhough,0,940271571000,1656558455000
757,Michale Massey,0,1049008637000,1645983151000
758,Dacey Hillaby,0,843477121000,1672114455000
759,Curt Janway,0,703052155000,1576794083000
760,Rosanna Janway,0,713804048000,1664524890000
761,Jamill Woolfall,0,1015094023000,1648152141000
762,Darcy Hince,0,912015227000,1628448607000
763,Jobey Alvin,0,697747675000,1609300532000
764,Winna Wallsworth,0,966871583000,1626798753000
765,Garrek Slite,0,851920997000,1615154271000
766,Dana Ringham,0,1016997914000,1648245987000
767,Evey Orneles,0,1028654568000,1620757462000
768,Claretta Calderwood,0,852405497000,1674127439000
769,Erica Dougill,0,636304555000,1634464217000
770,Starr Shotboulte,0,911110974000,1586477059000
771,Rayna Geraud,0,692577037000,1581363613000
772,Binni Flew,0,1041969420000,1586795791000
773,Blake Rooper,0,906070696000,1639827963000
774,Neale Roony,0,1051507085000,1643195848000
775,Otis Tuckley,0,968192719000,1601265570000
776,Alisander Gerg,0,800781778000,1625477013000
777,Nance Slegg,0,1040050032000,1632362935000
778,Sinclair Keely,0,1005539997000,1636722354000
779,Rosina Calven,1,807894023000,1643243392000
780,Doralynne Raoux,1,1031000586000,1666273439000
781,Ruthann Sugar,1,997090218000,1591078856000
782,Kingsly Antliff,1,740299866000,1565495204000
783,Solomon Kinnerley,1,1009801257000,1560360864000
784,Hilary Moyne,1,675874373000,1661020163000
785,Gweneth Hargey,1,762161787000,1558985662000
786,Jeanne Osipenko,1,793443439000,1563256871000
787,Yul Vasic,1,763741036000,1607279188000
788,Wallis Falkus,1,671936990000,1606173917000
789,Hermia Hargroves,1,994949027000,1565641921000
790,Gregory Rann,1,899947771000,1621381732000
791,Lynn Clothier,1,636527345000,1670180129000
792,Taddeo Clausen,1,976852437000,1551836215000
793,Price Matuskiewicz,1,756218903000,1559113293000
794,Romy Yarnall,1,1065223710000,1601777527000
795,Berny Pattle,1,864334682000,1592282714000
796,Giorgio Woodger,1,799866613000,1668235216000
797,Tatiania Keady,1,835681113000,1618340285000
798,Engracia Gracewood,1,780420600000,1649292114000
799,Chilton Gaffon,1,804651852000,1568702490000
800,Ellene Coxwell,1,912315617000,1576612374000
801,Gard Askey,1,781311693000,1676325709000
802,Corrine Gossington,1,784371640000,1575026501000
803,Prue Gregg,1,738178118000,1608523395000
804,Enrica Stegel,1,839124340000,1589513915000
805,Jobey Ginnane,1,731534047000,1586734021000
806,Emelita Novotna,1,819370982000,1581702998000
807,Dyan Kemwal,1,699964467000,1666103795000
808,Lewie Stillman,1,936247073000,1574141943000
809,Ariel Alton,1,1030298465000,1633336927000
810,Julieta Chetham,1,705008243000,1627799821000
811,Ulrika Bordman,1,934649811000,1609034989000
812,Ardath Herculson,1,866895414000,1648090002000
813,Niles Houlaghan,1,687981872000,1653617260000
814,Marget Kleisel,1,843787373000,1553636247000
815,Trix Dietmar,1,774432855000,1600369470000
816,Rey Yukhnin,1,670720536000,1671216505000
817,Mose Gallifont,1,941714971000,1580225224000
818,Dion Bernot,1,1024045441000,1611002242000
819,Heriberto Bolden,1,863723979000,1673038254000
820,Karol Coker,1,1043080749000,1647209829000
821,Katerine Packman,1,778190692000,1643487933000
822,Ara Kenningley,1,950932627000,1671365755000
823,Reamonn Colbourne,1,695779195000,1570340188000
824,Donal Selly,1,754036853000,1654056271000
825,Ber Dominguez,1,846528652000,1600690595000
826,Berny Ranscome,1,714766819000,1656496191000
827,Town Pengelley,1,648365446000,1560136465000
828,Thelma De Filippis,1,895381979000,1586216584000
829,Marlie Wehner,1,716379746000,1603239915000
830,Meridith Petty,1,880908621000,1569781690000
831,Gabie Tansly,1,828913687000,1614978671000
832,Cornell Petyt,1,723842658000,1621212196000
833,Mart Kennicott,1,921354724000,1661420674000
834,Millicent Daglish,1,653124706000,1594520607000
835,Astrid O'Dunniom,1,854499274000,1601738096000
836,Yard Rennard,1,1004964991000,1647417814000
837,Dorthy Aslin,1,729030278000,1584881837000
838,Jada Glennon,1,666109836000,1559626663000
839,Charmaine McGrey,1,985600090000,1599314852000
840,Obidiah Fazakerley,1,648358554000,1570388839000
841,Waldon Parnell,1,900916223000,1672363870000
842,Lisette Brimman,1,776491024000,1635678968000
843,Jenni Vellender,1,1064914675000,1638737929000
844,Murry Waltering,1,938215936000,1664908280000
845,Violet Faas,1,815953447000,1632351730000
846,Kevyn Wathen,1,992131045000,1595015167000
847,Carlos Tams,1,832373768000,1632634958000
848,Dora Woodson,1,916914925000,1579069715000
849,Adda Gideon,1,1034061548000,1622465318000
850,Karylin Sam,1,682333906000,1637595859000
851,Ciel Mahoney,1,637616705000,1655250432000
852,Ibrahim Bowser,1,965052230000,1593799273000
853,Lonna Camacho,1,794053201000,1560520463000
854,Salli Jeaycock,1,1072892538000,1641284734000
855,Darby Zettler,1,692932787000,1588420052000
856,Ashley Deddum,1,662412476000,1595827422000
857,Hildagarde McKilroe,1,812687033000,1645886137000
858,James Snassell,1,1007778694000,1646099979000
859,Talbot Tidbold,1,789936783000,1662418673000
860,Ninette McLugaish,1,963999973000,1670721974000
861,Larisa Melsome,1,697350787000,1565625868000
862,Claiborn Whiteman,1,942338662000,1627949280000
863,Zaria Soden,1,786799978000,1585697226000
864,Brannon Mottinelli,1,683998195000,1639233699000
865,Reidar Gut,1,758824685000,1621648523000
866,Marla Grabham,1,745513708000,1672796277000
867,Jemimah Hopkins,1,695502565000,1598959621000
868,Abbie Brodbin,1,759766528000,1598238816000
869,Toiboid Pitchford,1,991916322000,1559306163000
870,Rebeka Fardy,1,857013685000,1565463085000
871,Ferne Connechie,1,1023595365000,1575942651000
872,Ros Mortlock,1,761209415000,1660914474000
873,Fredra Corradi,1,877859670000,1653307962000
874,Roderigo Sapauton,1,883849928000,1552997702000
875,Stefan Noah,1,723142621000,1612610792000
876,Murdock Blaylock,1,1046866479000,1560412408000
877,Dot Fairbank,1,832402071000,1643522692000
878,Jerry Hellen,1,1003996733000,1674461761000
879,Bord Averall,1,860261262000,1642171523000
880,Win Hully,1,803728641000,1583368212000
881,Moll Hedditch,1,726202160000,1607406404000
882,Leonelle Teacy,1,727118026000,1604339486000
883,Greta Runcieman,1,666200356000,1620382098000
884,Smith Golborne,1,835688639000,1670762536000
885,Adam Grimsey,1,793751696000,1568627529000
886,Richie Stiller,1,928097901000,1635377743000
887,Alvan Colbourn,1,942324468000,1667851165000
888,Frankie Leacock,1,777295093000,1578016665000
889,Creight Hawarden,1,855118383000,1582971644000
890,Izabel Jozwicki,1,827827999000,1643278136000
891,Bonny Veltman,1,837189847000,1640105264000
892,Laverne O'Hogertie,1,643394033000,1654781773000
893,Ivie Fagge,1,1031292771000,1553714157000
894,Stepha Salters,1,784170206000,1559744933000
895,Briana Iacapucci,1,859166547000,1563421614000
896,Farlee Seak,1,1073085338000,1651789281000
897,Daloris Barosch,1,680299544000,1621502645000
898,Hastie Frankcom,1,1045638571000,1572127524000
899,Billy Althorp,1,830174287000,1584163907000
900,Tanner Kepe,1,876691705000,1649388938000
901,Donella Tumasian,1,658692820000,1597640030000
902,Cherry Rodenborch,1,985271054000,1590108521000
903,Georgena Caldwall,1,1072721809000,1670957290000
904,Fionnula Lilly,1,840666993000,1651196914000
905,Randa Cristofori,1,935711680000,1661831141000
906,Rozella Imesson,1,1018944700000,1633966539000
907,Chrysa Hartnup,1,925288894000,1616448231000
908,Colene Shutte,1,799381816000,1562037194000
909,Boigie Rollins,1,918482842000,1565746773000
910,Joannes Frary,1,646996042000,1588524456000
911,Carlynn Steers,1,1059814749000,1644644028000
912,Rich Vidgeon,1,1002677668000,1574424466000
913,Kaela Baselio,1,766389618000,1653658306000
914,Mace Glacken,1,888836561000,1587379998000
915,Constanta Riddich,1,1054186816000,1620177100000
916,Lazar Spurier,1,715323901000,1559917086000
917,Laurella Trembath,1,724871812000,1615642639000
918,Pen Fetters,1,726806634000,1589493309000
919,Wyatan Ruhben,1,685748956000,1644597914000
920,Merle Wallbridge,1,854583659000,1603106902000
921,Charmain Groome,1,1002270608000,1652655545000
922,Marcellus Hardey,1,654915344000,1612932249000
923,Ban Byas,1,702205379000,1561692607000
924,Nanine Spottiswoode,1,927865088000,1649063721000
925,Creighton Szantho,1,1008345705000,1559753829000
926,Lethia Bonanno,1,1016844729000,1615892053000
927,Norman Bidewel,1,702945526000,1616490604000
928,Sophie Maudett,1,947474673000,1625905233000
929,Kent Colton,1,1059111575000,1596406493000
930,Eleanor Rengger,1,704169450000,1658038865000
931,Myrlene Bonifazio,1,811309354000,1673949919000
932,Randy Nathan,1,854953065000,1595187219000
933,Stacy Holbury,1,1047249108000,1656923319000
934,Stanislaw Bridal,1,738490836000,1595976498000
935,Maryrose Baudry,1,809979967000,1571652519000
936,Berton Hardy-Piggin,1,996525150000,1615043695000
937,Trina Elson,1,839404504000,1561319264000
938,Guy Comello,1,884053398000,1571968461000
939,Rudyard Peartree,1,914769816000,1614702184000
940,Briny Prudence,1,687521988000,1666109124000
941,Ariel Fillingham,1,826449926000,1555657375000
942,Leigha Gibke,1,968972316000,1625995547000
943,Aron McEvoy,1,890068093000,1568651823000
944,Melantha Durrans,1,1021759369000,1574345355000
945,Jacki Cheley,1,1065636988000,1610467406000
946,Bernard Robben,1,1036454814000,1576250450000
947,Steven Gowen,1,922710635000,1580262690000
948,Gerianna MacFaul,1,1011036521000,1573859181000
949,Geri Winders,1,757359516000,1572620424000
950,Abran Heinonen,1,758860176000,1554087463000
951,Rosabella Alliot,1,974264314000,1651034228000
952,Thorny Silverston,1,1069407756000,1566910741000
953,Valentine Sikorsky,1,783252166000,1597415885000
954,Alana Drugan,1,652000429000,1635734523000
955,Keri Ossulton,1,845191049000,1613377430000
956,Sayre Dunseath,1,672301928000,1591951927000
957,Kira Blayney,1,1034399824000,1576129548000
958,Clovis Geraudel,1,980324845000,1658630717000
959,Robinette McMeeking,1,1021562420000,1589165461000
960,Anstice Philippet,1,1051712279000,1620157674000
961,Sandie O'Henehan,1,1028427295000,1571844987000
962,Kleon Keave,1,1014607888000,1653535798000
963,Georgeta Ready,1,767417194000,1556989040000
964,Jay Reasce,1,950576889000,1630319953000
965,Micheal Jepensen,1,884890603000,1610562349000
966,Shandie Piperley,1,936943227000,1654471126000
967,Madelaine Crosby,1,757587471000,1591733934000
968,Othello Underwood,1,1047201345000,1570140095000
969,Patrizius Yarnley,1,662779388000,1609251006000
970,Celie Maylam,1,1023029056000,1593911932000
971,Kirby Estcourt,1,882220872000,1584059242000
972,Cindra Bonifacio,1,1014379258000,1605432090000
973,Donetta Garmanson,1,778164493000,1650142902000
974,Jerry Tilney,1,733553718000,1617847838000
975,Bess Studeart,1,1065702989000,1554446749000
976,Kat Wallworth,1,748359129000,1622182648000
977,Dana Drummond,1,686061592000,1649394908000
978,Chere Hughill,1,739629526000,1608312568000
979,Lily Tzar,1,751064580000,1630550624000
980,Ben Vian,1,731977767000,1585958997000
981,Dill Wisniowski,1,780200362000,1552671343000
982,Shirlene Wildbore,1,1054034343000,1616150095000
983,Yovonnda Mazzey,1,936378583000,1577735121000
984,Costanza Waumsley,1,685084185000,1621627060000
985,Brander Rubel,1,757187889000,1623691008000
986,Malachi Fansy,1,653425546000,1596312062000
987,Gan Farndale,1,869588107000,1667960281000
988,Dodie Kirsop,1,812173386000,1579519385000
989,Essy Ruspine,1,771841095000,1624617993000
990,Cecelia Bartczak,1,970201036000,1647017766000
991,Agnola Cribbins,1,993262313000,1577916800000
992,Josefa Palley,1,689067781000,1557921785000
993,Leoline Pipworth,1,722910858000,1560234662000
994,Carola Twatt,1,962216765000,1672557709000
995,Marillin Morecomb,1,803311827000,1616094142000
996,Ula Dunston,1,724526295000,1621221466000
997,Ximenes Webburn,1,778826101000,1594283860000
998,Daryn Beck,1,708242778000,1622159630000
999,Tarra Yurkevich,1,925640009000,1626078898000
1000,Xenia Roomes,1,913991071000,1667708716000
